Model,Accuracy
Logistic,0.9774978232477144
RandomForest ,0.9994286025250326
SupportVM,0.9901229865041359
